{"1073598163":{"set_owner":189789998,"group_type":"SuperGroup","group_welcome":"خوش اومدي عزيزم","moderators":[],"long_id":"$05000000d3cefd3f9b3b35b5ad6d363b","settings":{"lock_tgservice":"yes","lock_link":"yes","public":"no","lock_rtl":"no","set_name":"گردهمی باحالا","strict":"no","lock_spam":"yes","lock_arabic":"no","lock_contacts":"no","member":"no","lock_sticker":"no","flood":"yes"}},"1093449270":{"group_type":"SuperGroup","moderators":{"193181186":"چالاک ","272461284":"(at)AFNero"},"settings":{"lock_tgservice":"yes","lock_link":"yes","public":"no","lock_rtl":"no","set_name":"💖💖خودمونی ازاد💖💖","fosh":"yes","lock_sticker":"no","lock_spam":"yes","lock_arabic":"no","lock_contacts":"no","member":"no","strict":"no","flood":"yes"},"long_id":"$0500000036b62c418c283afb18f54cb4","set_owner":244404061},"1081706859":{"group_type":"SuperGroup","long_id":"$050000006b897940a47074f7b00f00ec","settings":{"lock_tgservice":"yes","lock_link":"yes","public":"no","lock_rtl":"no","set_name":"😂پاریس 😲کوچولو😜","strict":"no","lock_spam":"yes","lock_arabic":"no","lock_contacts":"no","lock_sticker":"no","member":"no","flood":"yes"},"moderators":[],"set_owner":79086918},"1095216324":{"settings":{"lock_tgservice":"yes","lock_link":"no","public":"no","lock_rtl":"no","set_name":"ربات ضد لينك","strict":"no","lock_spam":"yes","lock_arabic":"no","lock_contacts":"no","member":"no","lock_sticker":"no","flood":"yes"},"set_owner":221977780,"group_type":"SuperGroup","long_id":"$05000000c4ac47416e24243eac501faf","moderators":{"221977780":"(at)AFDanger","294404108":"(at)AFNerobot","251818429":"(at)AFProbot","257627103":"(at)AFhero","272461284":"(at)AFNero"}},"1074867626":{"group_type":"SuperGroup","moderators":[],"settings":{"lock_tgservice":"yes","flood_msg_max":"99","flood":"no","lock_link":"yes","set_name":"Nero Test","public":"no","strict":"no","lock_spam":"yes","lock_sticker":"no","lock_arabic":"no","lock_fwd":"yes","member":"no","lock_contacts":"no","media":"yes","lock_rtl":"no","set_link":"waiting"},"long_id":"$05000000aa2d114028e5a605939c727d","set_owner":113566842},"1077788783":{"group_type":"SuperGroup","moderators":{"240410735":"(at)AFProject"},"settings":{"lock_tgservice":"yes","lock_link":"no","public":"no","strict":"no","set_name":"Hi","lock_rtl":"no","lock_spam":"yes","member":"no","lock_contacts":"no","lock_sticker":"no","lock_arabic":"no","flood":"yes"},"long_id":"$050000006fc03d405343b13c0a02abf9","set_owner":257627103},"groups":{"1088491543":1088491543,"1093449270":1093449270,"1081706859":1081706859,"1095216324":1095216324,"1077788783":1077788783,"1073598163":1073598163,"1082463691":1082463691,"1054345919":1054345919,"1074867626":1074867626,"1087685050":1087685050,"1076083163":1076083163,"1076896000":1076896000},"1082463691":{"group_type":"SuperGroup","moderators":{"262710061":"(at)Ghazl999"},"settings":{"lock_tgservice":"yes","tag":"yes","lock_link":"yes","lock_rtl":"no","public":"no","strict":"no","lock_fwd":"yes","set_name":"پـــآپیـƤαριOƝـــפּטּ ツ","lock_spam":"yes","lock_bots":"yes","lock_arabic":"no","lock_contacts":"yes","member":"no","lock_sticker":"no","flood":"yes"},"long_id":"$05000000cb1585400e2252ffb1c49935","set_owner":197355464},"1054345919":{"set_owner":282667762,"moderators":[],"group_type":"SuperGroup","long_id":"$05000000bf0ad83eb11e42217edc33a4","settings":{"lock_tgservice":"yes","flood_msg_max":"10","lock_link":"yes","public":"no","lock_rtl":"no","strict":"no","set_name":"کلبه ناشناخته ♥🏍","lock_sticker":"no","lock_spam":"yes","lock_arabic":"no","lock_contacts":"no","member":"no","lock_fwd":"yes","flood":"yes"}},"1088491543":{"settings":{"lock_link":"yes","public":"no","strict":"no","lock_spam":"yes","member":"no","lock_contacts":"no","set_link":"https://telegram.me/joinchat/D8TkeUDhEBcfPYXyODeSOA","cmd":"yes","lock_fwd":"yes","set_name":"Dorhami😍","lock_tgservice":"yes","lock_bots":"yes","lock_arabic":"no","lock_rtl":"yes","lock_sticker":"yes","media":"no","flood":"yes"},"set_owner":208531104,"long_id":"$050000001710e14036e3e05f56aca431","group_type":"SuperGroup","moderators":{"242019561":"(at)AFProtect","264561785":"(at)marg124","242779041":"دنیام پر درد نیا! ","257554507":"(at)NAZiJoo0ooN","272461284":"(at)AFNero"},"rules":"سلام به سوپرگروه دورهمي خوش اومدید👈🙏🌹\nتبلیغات👈⛔️\nمثبت 18👈⛔️\nتوهین وبی ادبی👈⛔️\nزیر آبی⛔️\n\nامیدوارم که بهتون خوش بگذره😘"},"1087685050":{"group_type":"SuperGroup","moderators":[],"settings":{"lock_tgservice":"yes","lock_link":"yes","public":"no","lock_rtl":"no","set_name":"TeSt","strict":"no","lock_spam":"yes","lock_arabic":"no","lock_contacts":"no","lock_sticker":"no","member":"no","flood":"yes"},"long_id":"$05000000bac1d44077d341133983f730","set_owner":242019561},"1076083163":{"group_type":"SuperGroup","long_id":"$05000000dbb923407b3bb110f578f524","settings":{"lock_tgservice":"yes","strict":"no","lock_link":"yes","set_name":"✰✰شیطونکای اغوالگر✰✰","public":"no","lock_rtl":"no","lock_spam":"yes","lock_sticker":"no","username":"yes","lock_fwd":"yes","lock_arabic":"no","lock_contacts":"no","member":"no","fosh":"yes","flood":"no"},"moderators":[],"set_owner":293879430},"1076896000":{"group_type":"SuperGroup","moderators":[],"settings":{"lock_tgservice":"yes","lock_link":"yes","public":"no","strict":"no","set_name":"🍏🍒گپ محمد🍒🍏","lock_rtl":"no","lock_spam":"yes","member":"no","lock_contacts":"no","lock_sticker":"no","lock_arabic":"no","flood":"yes"},"long_id":"$050000000021304002d2782e5eb9df04","set_owner":113566842}}